alpha,cl,cd
-4.0,-0.2472,0.0132
-3.0,-0.0971,0.01149
-2.0,0.021,0.00972
-1.0,0.1199,0.00867
0.0,0.2494,0.00869
1.0,0.4203,0.00885
2.0,0.515,0.00917
3.0,0.6099,0.00973
4.0,0.7046,0.01044
5.0,0.7989,0.01127
6.0,0.892,0.01226
7.0,0.9783,0.0139
8.0,1.0524,0.01678
9.0,1.1169,0.0203
10.0,1.1685,0.02404
11.0,1.2133,0.02839
12.0,1.2548,0.03381
13.0,1.2922,0.04028
14.0,1.3272,0.04782
