alpha,cl,cd
-4.0,0.0268,0.00678
-3.0,0.1397,0.00655
-2.0,0.2524,0.00641
-1.0,0.365,0.00633
0.0,0.4776,0.00628
1.0,0.5895,0.00604
2.0,0.6962,0.00539
3.0,0.8146,0.00553
4.0,0.9246,0.00594
5.0,1.032,0.00657
6.0,1.1347,0.00752
7.0,1.2283,0.00911
8.0,1.3144,0.01109
9.0,1.3996,0.01283
10.0,1.4787,0.01447
11.0,1.5454,0.01631
12.0,1.6078,0.01853
13.0,1.6615,0.02148
14.0,1.7041,0.02559
