alpha,cl,cd
-4.0,0.0326,0.01426
-3.0,0.1451,0.01248
-2.0,0.2543,0.0113
-1.0,0.3605,0.00995
0.0,0.4884,0.00888
1.0,0.5909,0.0093
2.0,0.695,0.00991
3.0,0.8003,0.01067
4.0,0.9051,0.01146
5.0,1.009,0.01232
6.0,1.1096,0.01324
7.0,1.2024,0.01412
8.0,1.288,0.01517
9.0,1.3531,0.01719
10.0,1.3738,0.02165
11.0,1.3823,0.02808
12.0,1.3901,0.03587
13.0,1.3959,0.04504
14.0,1.4014,0.05507
